epoch,split,loss,loss_cd,loss_occ,loss_delta,loss_partial,loss_repulsion,loss_gate_bce,loss_gate_sparsity,loss_delta_l2,gate_mean,gate_positive_target,loss_candidate_conf,loss_source_entropy,loss_fscore_proxy,hard_weight_mean,coarse_cd_pred_to_gt,coarse_cd_gt_to_pred,coarse_cd,refined_cd_pred_to_gt,refined_cd_gt_to_pred,refined_cd,cd_improvement_pct,coarse_fscore,refined_fscore,fscore_gain,n_samples,lr
1,train,0.06982167120477825,0.041006694633713224,0.0,9.42371469323381e-05,0.013956531930626393,0.0017926975058313009,0.6904005714785256,0.4494232902337279,4.1464415858886115e-06,0.4494232902337279,0.46696944124194417,,,,,,,,,,,,,,,,0.0001998629534754574
1,val,,,,,,,,,,,,,,,,0.019779855608940123,0.02367834197357297,0.04345819715410471,0.019753839019685984,0.02362660735845566,0.043380446396768094,0.17890930233693494,0.5883465176820755,0.5903152602910996,0.0019687426090241322,800,0.0001998629534754574
2,train,0.06980876277150995,0.04091390670127529,0.0,9.541008758496158e-05,0.01404167683913374,0.001776677976646021,0.6912907259297069,0.47018612925352016,1.4438294268244213e-05,0.47018612925352016,0.482767271064119,,,,,,,,,,,,,,,,0.00019945218953682734
2,val,,,,,,,,,,,,,,,,0.019779855608940123,0.02367834197357297,0.04345819715410471,0.019920150116086006,0.0232521909289062,0.04317234121263027,0.6577722045412598,0.5883465176820755,0.5935673683881759,0.005220850706100455,800,0.00019945218953682734
3,train,0.06949068560645041,0.04059448356784917,0.0,0.00010332208641275133,0.013732307018174248,0.0016533609475230275,0.6910963558413454,0.4745747288704445,7.784373010990834e-05,0.4745747288704445,0.4860534547673346,,,,,,,,,,,,,,,,0.0001987688340595138
3,val,,,,,,,,,,,,,,,,0.019779855608940123,0.02367834197357297,0.04345819715410471,0.019893294405192136,0.02303384827449918,0.04292714286595583,1.221988768346143,0.5883465176820755,0.5973269402980804,0.008980422616004957,800,0.0001987688340595138
4,train,0.06922402703740661,0.04036165209623874,0.0,0.00010611681566740943,0.013494915422000719,0.001545317547234091,0.6903357101302987,0.4740810552267394,0.0001013878749303655,0.4740810552267394,0.48457837751529154,,,,,,,,,,,,,,,,0.0001978147600733806
4,val,,,,,,,,,,,,,,,,0.019779855608940123,0.02367834197357297,0.04345819715410471,0.019936504866927864,0.02275634165853262,0.04269284669309854,1.7611187557831764,0.5883465176820755,0.6009642231464386,0.012617705464363138,800,0.0001978147600733806
5,train,0.06906868292770617,0.04019975237659431,0.0,0.00010807281909885259,0.013359617864099048,0.0014852078503662693,0.6903636124764668,0.4772806320316814,0.00011908223858284561,0.4772806320316814,0.48738888226971977,,,,,,,,,,,,,,,,0.00019659258262890686
5,val,,,,,,,,,,,,,,,,0.019779855608940123,0.02367834197357297,0.04345819715410471,0.019965675827115774,0.022563708499073982,0.0425293842330575,2.1372559882169058,0.5883465176820755,0.6039471852779389,0.015600667595863427,800,0.00019659258262890686
6,train,0.06883203258819175,0.03996002229886085,0.0,0.00011194335084385315,0.013145377095799002,0.001385337936588831,0.690478655661357,0.47711185010871066,0.0001494186708712894,0.47711185010871066,0.48692566482221666,,,,,,,,,,,,,,,,0.0001951056516295154
6,val,,,,,,,,,,,,,,,,0.019779855608940123,0.02367834197357297,0.04345819715410471,0.019957608692348004,0.022377190589904786,0.042334799207746986,2.5850081685949995,0.5883465176820755,0.6074460726976395,0.01909955501556404,800,0.0001951056516295154
7,train,0.06871450386328437,0.039838894589715144,0.0,0.00011318046863264498,0.012961456514606978,0.0013595381284966727,0.6904810088106047,0.4801125823957758,0.00016134369258667547,0.4801125823957758,0.489866967641603,,,,,,,,,,,,,,,,0.0001933580426497202
7,val,,,,,,,,,,,,,,,,0.019779855608940123,0.02367834197357297,0.04345819715410471,0.019929192438721658,0.022326639518141747,0.0422558319196105,2.7667167835577064,0.5883465176820755,0.6087045377492905,0.020358020067214988,800,0.0001933580426497202
8,train,0.06862417407115805,0.039749700390933826,0.0,0.00011359638905106137,0.0128236699223,0.0013304718075580339,0.6904303895248884,0.48171291003761735,0.00016613040477671126,0.48171291003761735,0.4912667439696145,,,,,,,,,,,,,,,,0.00019135454576426012
8,val,,,,,,,,,,,,,,,,0.019779855608940123,0.02367834197357297,0.04345819715410471,0.019890071526169777,0.02231313180178404,0.04220320332795382,2.887818428593872,0.5883465176820755,0.6101760733127594,0.021829555630683894,800,0.00019135454576426012
9,train,0.06851933275728447,0.039649127205511864,0.0,0.00011384329919499273,0.012698765526294774,0.001296940141805915,0.6903258754297359,0.48273786927112095,0.00017045472769485428,0.48273786927112095,0.492095749872551,,,,,,,,,,,,,,,,0.00018910065241883683
9,val,,,,,,,,,,,,,,,,0.019779855608940123,0.02367834197357297,0.04345819715410471,0.01993020372465253,0.022160122487694025,0.04209032617509365,3.1475557399689826,0.5883465176820755,0.6110622465610505,0.022715728878974994,800,0.00018910065241883683
10,train,0.06843516602906517,0.0395678993045033,0.0,0.00011414742750977848,0.012595922538567353,0.001272347531915107,0.6902460701422162,0.483692997006143,0.00017485055627366517,0.483692997006143,0.4929663229554743,,,,,,,,,,,,,,,,0.00018660254037844394
10,val,,,,,,,,,,,,,,,,0.019779855608940123,0.02367834197357297,0.04345819715410471,0.019882441833615302,0.022157850340008736,0.04204029221087694,3.2626869867606723,0.5883465176820755,0.6123122096061706,0.023965691924095145,800,0.00018660254037844394
11,train,0.06835898051212204,0.03949564951150573,0.0,0.00011422200252372444,0.012520533081808517,0.0012547158955989537,0.6901346830160561,0.4846168488576753,0.00017718558979705633,0.4846168488576753,0.4938170464903791,,,,,,,,,,,,,,,,0.00018386705679454245
11,val,,,,,,,,,,,,,,,,0.019779855608940123,0.02367834197357297,0.04345819715410471,0.019903887920081617,0.022087228745222093,0.04199111670255661,3.3758428734302233,0.5883465176820755,0.6126959919929504,0.024349474310874974,800,0.00018386705679454245
12,train,0.06829579248160436,0.03943481513523779,0.0,0.00011427342984790018,0.01244778347405806,0.0012389174144414744,0.6900690837106541,0.4854204503295831,0.00017867519248935585,0.4854204503295831,0.49456294813187723,,,,,,,,,,,,,,,,0.0001809016994374948
12,val,,,,,,,,,,,,,,,,0.019779855608940123,0.02367834197357297,0.04345819715410471,0.019875696878880262,0.022124020513147116,0.04199971728026867,3.35605241207823,0.5883465176820755,0.6130636590719223,0.02471714138984682,800,0.0001809016994374948
13,train,0.06823552187999134,0.039377916015968475,0.0,0.00011437238601325254,0.012392619886491622,0.0012261403887924773,0.6899693878166983,0.4862051784235229,0.00018032860400220497,0.4862051784235229,0.49527371859497815,,,,,,,,,,,,,,,,0.00017771459614569714
13,val,,,,,,,,,,,,,,,,0.019779855608940123,0.02367834197357297,0.04345819715410471,0.019874801766127347,0.022021714970469473,0.04189651645720005,3.5935238900198097,0.5883465176820755,0.6140104365348816,0.025663918852806167,800,0.00017771459614569714
14,train,0.06818125512572298,0.03932589574957144,0.0,0.00011449996160947158,0.012344257058066634,0.0012146238237008718,0.6898967732980329,0.48693193828513254,0.00018225845217798367,0.48693193828513254,0.49595912191698,,,,,,,,,,,,,,,,0.00017431448254773946
14,val,,,,,,,,,,,,,,,,0.019779855608940123,0.02367834197357297,0.04345819715410471,0.0198438804410398,0.022051171269267797,0.0418950516730547,3.5968944489506325,0.5883465176820755,0.6145004051923751,0.026153887510299678,800,0.00017431448254773946
15,train,0.06812994382876444,0.03927832632569862,0.0,0.00011455012198492847,0.012302392680241152,0.0012054890215023786,0.6897831099721886,0.48769738857157646,0.00018369535881355363,0.48769738857157646,0.4967311538101757,,,,,,,,,,,,,,,,0.00017071067811865479
15,val,,,,,,,,,,,,,,,,0.019779855608940123,0.02367834197357297,0.04345819715410471,0.0198212968185544,0.02204123843461275,0.041862535290420055,3.6717166568745783,0.5883465176820755,0.6151395308971405,0.026793013215064998,800,0.00017071067811865479
16,train,0.06808234584398984,0.03923505921922686,0.0,0.00011452702787649932,0.012260173946775369,0.0011968636032547966,0.6896688995079596,0.4882138450786858,0.00018446531721706024,0.4882138450786858,0.49725753931233,,,,,,,,,,,,,,,,0.00016691306063588586
16,val,,,,,,,,,,,,,,,,0.019779855608940123,0.02367834197357297,0.04345819715410471,0.019784893319010736,0.022088282722979784,0.04187317606061697,3.6472315864074814,0.5883465176820755,0.6158716803789139,0.027525162696838468,800,0.00016691306063588586
17,train,0.06804089027049132,0.039197301270963734,0.0,0.00011460152000439143,0.012225831939038126,0.001191080434619789,0.6895567870219066,0.4888822322784373,0.0001857937541577532,0.4888822322784373,0.49784909212609013,,,,,,,,,,,,,,,,0.00016293203910498378
17,val,,,,,,,,,,,,,,,,0.019779855608940123,0.02367834197357297,0.04345819715410471,0.01981403635814786,0.021998700909316538,0.04181273758411407,3.786304259598636,0.5883465176820755,0.6157002389431,0.027353721261024533,800,0.00016293203910498378
18,train,0.06799679229366128,0.0391571626976371,0.0,0.0001146405102220461,0.012198469276045778,0.0011869912954004381,0.6894426296127231,0.4894074514253175,0.00018717987469756437,0.4894074514253175,0.49837154166465436,,,,,,,,,,,,,,,,0.00015877852522924735
18,val,,,,,,,,,,,,,,,,0.019779855608940123,0.02367834197357297,0.04345819715410471,0.01978547276929021,0.0220169829018414,0.04180245544761419,3.809964091743583,0.5883465176820755,0.6159619665145875,0.02761544883251199,800,0.00015877852522924735
19,train,0.06795917063424892,0.03912253541052177,0.0,0.00011466738792686697,0.01217634987635286,0.001183922802654009,0.6893476609167376,0.4899879426076753,0.00018819467265852885,0.4899879426076753,0.4989012636775012,,,,,,,,,,,,,,,,0.00015446390350150275
19,val,,,,,,,,,,,,,,,,0.019779855608940123,0.02367834197357297,0.04345819715410471,0.019785077031701803,0.02202976416796446,0.041814840994775296,3.7814641815489995,0.5883465176820755,0.6158264499902725,0.027479932308197008,800,0.00015446390350150275
20,train,0.0679166793868497,0.039083851114623064,0.0,0.0001146256562119503,0.012150011469688717,0.00118090904134013,0.6892357693068696,0.49057625276090555,0.00018853797937752622,0.49057625276090555,0.49945704493319903,,,,,,,,,,,,,,,,0.00015000000000000004
20,val,,,,,,,,,,,,,,,,0.019779855608940123,0.02367834197357297,0.04345819715410471,0.019800484981387853,0.021968463100492955,0.04176894806325435,3.887066655941124,0.5883465176820755,0.616351808309555,0.028005290627479584,800,0.00015000000000000004
21,train,0.06787061286871109,0.039043068256350524,0.0,0.00011460979402572207,0.01212700521588852,0.0011773768312847762,0.6890794140472392,0.49125825575476256,0.0001895502720868718,0.49125825575476256,0.5000930729654861,,,,,,,,,,,,,,,,0.0001453990499739547
21,val,,,,,,,,,,,,,,,,0.019779855608940123,0.02367834197357297,0.04345819715410471,0.019773069247603418,0.022044477257877587,0.04181754663586616,3.775238334026443,0.5883465176820755,0.6164015406370162,0.028055022954940778,800,0.0001453990499739547
22,train,0.06782879491559318,0.039006062896952055,0.0,0.00011458477292351028,0.012112190935108656,0.001175238314638951,0.6889400465721455,0.49175017687051353,0.00019038935261000717,0.49175017687051353,0.5005643681753149,,,,,,,,,,,,,,,,0.00014067366430758007
22,val,,,,,,,,,,,,,,,,0.019779855608940123,0.02367834197357297,0.04345819715410471,0.019793958142399787,0.021992189567536114,0.04178614772856235,3.8474891620864944,0.5883465176820755,0.6163434493541717,0.02799693167209627,800,0.00014067366430758007
23,train,0.06778506195755837,0.03896741883459998,0.0,0.00011458893377488929,0.012096232483148048,0.0011733427505504622,0.6887878858865394,0.4923818957930701,0.00019119741646106257,0.4923818957930701,0.5011109065311775,,,,,,,,,,,,,,,,0.0001358367949545301
23,val,,,,,,,,,,,,,,,,0.019779855608940123,0.02367834197357297,0.04345819715410471,0.019818499945104123,0.021992485262453555,0.04181098535656929,3.790336243572957,0.5883465176820755,0.6162843775749206,0.02793785989284514,800,0.0001358367949545301
24,train,0.06774373325786164,0.03893060975130555,0.0,0.00011458761196922663,0.01208175245769145,0.0011712674261630043,0.6886570298625645,0.492846989750138,0.0001919959011663925,0.492846989750138,0.5016050965400245,,,,,,,,,,,,,,,,0.0001309016994374948
24,val,,,,,,,,,,,,,,,,0.019779855608940123,0.02367834197357297,0.04345819715410471,0.019721298702061175,0.0220991431735456,0.041820442229509355,3.768575393930412,0.5883465176820755,0.6165885871648789,0.02824206948280339,800,0.0001309016994374948
25,train,0.06769920341477152,0.03889089866172603,0.0,0.00011456582871234725,0.012073241205590822,0.0011703332651372843,0.6885083654452134,0.4934699460329238,0.0001928111223219112,0.4934699460329238,0.5021122812829841,,,,,,,,,,,,,,,,0.00012588190451025212
25,val,,,,,,,,,,,,,,,,0.019779855608940123,0.02367834197357297,0.04345819715410471,0.01977526819333434,0.02201452687382698,0.041789795607328414,3.8390951673859623,0.5883465176820755,0.6167567110061646,0.028410193324089117,800,0.00012588190451025212
26,train,0.06765467352642662,0.038852195462704624,0.0,0.00011451580520203231,0.012055883618623989,0.0011674436272248216,0.6883460325078369,0.4939624063880453,0.00019341569053112518,0.4939624063880453,0.5026033008579126,,,,,,,,,,,,,,,,0.00012079116908177597
26,val,,,,,,,,,,,,,,,,0.019779855608940123,0.02367834197357297,0.04345819715410471,0.01979016426950693,0.022019946947693825,0.04181011129170656,3.792347520892243,0.5883465176820755,0.6164673191308975,0.028120801448822008,800,0.00012079116908177597
27,train,0.06761192725400514,0.03881465051835377,0.0,0.0001145239447567559,0.012049589110697784,0.0011661586417164242,0.6881870950933716,0.494569050679873,0.00019438147178387207,0.494569050679873,0.5031489376729527,,,,,,,,,,,,,,,,0.00011564344650402314
27,val,,,,,,,,,,,,,,,,0.019779855608940123,0.02367834197357297,0.04345819715410471,0.019769903514534237,0.02200372697785497,0.041773630641400814,3.876291753959214,0.5883465176820755,0.6167772191762925,0.028430701494217003,800,0.00011564344650402314
28,train,0.06757083608424841,0.03877842337847546,0.0,0.00011451917189730214,0.012032796835505226,0.001164090113017131,0.6880496939133044,0.4950213377018912,0.00019509103981149857,0.4950213377018912,0.5035562945096813,,,,,,,,,,,,,,,,0.0001104528463267654
28,val,,,,,,,,,,,,,,,,0.019779855608940123,0.02367834197357297,0.04345819715410471,0.0197351461276412,0.022100544013082982,0.04183569010347128,3.7334890927019995,0.5883465176820755,0.6166555297374725,0.028309012055397043,800,0.0001104528463267654
29,train,0.06753005646272037,0.03874313775995106,0.0,0.00011448822886064522,0.012027918919612366,0.0011637466197748822,0.68788213367162,0.49566424584138596,0.0001955775085537479,0.49566424584138596,0.5041358432079928,,,,,,,,,,,,,,,,0.00010523359562429442
29,val,,,,,,,,,,,,,,,,0.019779855608940123,0.02367834197357297,0.04345819715410471,0.01975955571979284,0.022077721133828162,0.0418372767791152,3.7298380538926947,0.5883465176820755,0.6161762875318527,0.027829769849777253,800,0.00010523359562429442
30,train,0.0674868866694296,0.038705765565395484,0.0,0.00011447173101044029,0.012013592023437422,0.0011609111316201253,0.6877229490509222,0.4960661139822612,0.00019622906318169923,0.4960661139822612,0.5045436911330178,,,,,,,,,,,,,,,,0.00010000000000000007
30,val,,,,,,,,,,,,,,,,0.019779855608940123,0.02367834197357297,0.04345819715410471,0.01977803627029061,0.022007431946694852,0.04178546849638223,3.849052117350631,0.5883465176820755,0.6167890256643296,0.028442507982254117,800,0.00010000000000000007
31,train,0.06744593677271933,0.03866943931654466,0.0,0.0001144298707127597,0.012005208932328197,0.001159440726186429,0.6875780764566082,0.4967141448957758,0.0001967122545771168,0.4967141448957758,0.5051247925635927,,,,,,,,,,,,,,,,9.476640437570568e-05
31,val,,,,,,,,,,,,,,,,0.019779855608940123,0.02367834197357297,0.04345819715410471,0.019825239088386296,0.021952241752296688,0.04177748080343008,3.867432292956697,0.5883465176820755,0.6162802588939666,0.027933741211891183,800,9.476640437570568e-05
32,train,0.06740681502468214,0.038636337789850365,0.0,0.0001144046273322525,0.01199534602261656,0.001158930016797903,0.6874108232232762,0.4971325946472943,0.00019728914105404357,0.4971325946472943,0.5055058807513123,,,,,,,,,,,,,,,,8.954715367323472e-05
32,val,,,,,,,,,,,,,,,,0.019779855608940123,0.02367834197357297,0.04345819715410471,0.019774781223386526,0.022054186463356017,0.04182896763086319,3.748957918029139,0.5883465176820755,0.6163247847557067,0.02797826707363127,800,8.954715367323472e-05
33,train,0.06736852398552597,0.03860265295078319,0.0,0.00011444053955868936,0.011983559277136967,0.0011568547158252885,0.6872726418509923,0.497658353033545,0.00019824103688695718,0.497658353033545,0.5060010601610587,,,,,,,,,,,,,,,,8.435655349597696e-05
33,val,,,,,,,,,,,,,,,,0.019779855608940123,0.02367834197357297,0.04345819715410471,0.019777173288166524,0.02203241450712085,0.041809587739408016,3.7935522471184275,0.5883465176820755,0.616624773144722,0.028278255462646507,800,8.435655349597696e-05
34,train,0.06733205799303418,0.0385709869084455,0.0,0.00011443611301633688,0.011977354385481231,0.0011561379592399273,0.6871321915526998,0.4981168413083241,0.0001986756116353142,0.4981168413083241,0.5064236697473953,,,,,,,,,,,,,,,,7.920883091822411e-05
34,val,,,,,,,,,,,,,,,,0.019779855608940123,0.02367834197357297,0.04345819715410471,0.019745675567537545,0.02210263943299651,0.04184831503778696,3.704438337856124,0.5883465176820755,0.6169943368434906,0.028647819161415122,800,7.920883091822411e-05
35,train,0.06729618392263506,0.0385400885176109,0.0,0.00011440557732884754,0.011972949517688193,0.0011543307481292472,0.686986986278237,0.49855308595906955,0.00019918059772585042,0.49855308595906955,0.5068214430393007,,,,,,,,,,,,,,,,7.411809548974798e-05
35,val,,,,,,,,,,,,,,,,0.019779855608940123,0.02367834197357297,0.04345819715410471,0.019723990932106972,0.02214976953342557,0.041873760521411896,3.6458867059632802,0.5883465176820755,0.6166667288541794,0.028320211172103926,800,7.411809548974798e-05
36,train,0.06726181072047703,0.03851121075220986,0.0,0.00011444247173724469,0.011963526954877481,0.001153785578857296,0.6868299669418988,0.49900321602360576,0.00019993422455748329,0.49900321602360576,0.5072216344827581,,,,,,,,,,,,,,,,6.909830056250531e-05
36,val,,,,,,,,,,,,,,,,0.019779855608940123,0.02367834197357297,0.04345819715410471,0.019803936425596476,0.022024390231817962,0.04182832680642605,3.750432494700756,0.5883465176820755,0.6164746767282486,0.028128159046173162,800,6.909830056250531e-05
37,train,0.06722919242420557,0.038483141627818886,0.0,0.00011446766864764492,0.011957739286992775,0.001152585942943183,0.68669826002953,0.4993806835829652,0.0002006127923130624,0.4993806835829652,0.5075970173277031,,,,,,,,,,,,,,,,6.416320504547001e-05
37,val,,,,,,,,,,,,,,,,0.019779855608940123,0.02367834197357297,0.04345819715410471,0.019775768257677556,0.022087361589074136,0.04186312984675169,3.670348545975903,0.5883465176820755,0.6164910233020783,0.028144505620002813,800,6.416320504547001e-05
38,train,0.06719830001728565,0.03845659416623533,0.0,0.00011444208641281462,0.011950183586767206,0.0011520161474433952,0.6865718679688768,0.49979697637700166,0.00020103786681423377,0.49979697637700166,0.5079647364503175,,,,,,,,,,,,,,,,5.932633569242003e-05
38,val,,,,,,,,,,,,,,,,0.019779855608940123,0.02367834197357297,0.04345819715410471,0.019761860370635986,0.022083369214087725,0.041845229379832746,3.711538627689294,0.5883465176820755,0.6167484819889069,0.028401964306831395,800,5.932633569242003e-05
39,train,0.06716689436780295,0.0384302360300347,0.0,0.00011444356057566372,0.011945496062315642,0.0011507241479761401,0.686431281050551,0.5001140491268636,0.00020147928122791277,0.5001140491268636,0.508268023676006,,,,,,,,,,,,,,,,5.460095002604535e-05
39,val,,,,,,,,,,,,,,,,0.019779855608940123,0.02367834197357297,0.04345819715410471,0.019748167488723992,0.022123072184622287,0.041871239505708216,3.6516877190488906,0.5883465176820755,0.6162752550840378,0.027928737401962334,800,5.460095002604535e-05
40,train,0.06713833809022347,0.038405518628109696,0.0,0.00011446100021039446,0.011939387830218052,0.001150129346436297,0.686316876665523,0.5005184786547487,0.00020211764312648043,0.5005184786547487,0.5086478925356873,,,,,,,,,,,,,,,,5.000000000000005e-05
40,val,,,,,,,,,,,,,,,,0.019779855608940123,0.02367834197357297,0.04345819715410471,0.01976981619372964,0.02208977470174432,0.04185959067195654,3.6784924061148714,0.5883465176820755,0.6165579336881638,0.02821141600608834,800,5.000000000000005e-05
41,train,0.06711257491847022,0.03838379717314197,0.0,0.0001144863484534813,0.011935462101919588,0.0011488651602511247,0.6862021001711003,0.5008000964159994,0.00020275851575673667,0.5008000964159994,0.5088947028629297,,,,,,,,,,,,,,,,4.553609649849735e-05
41,val,,,,,,,,,,,,,,,,0.019779855608940123,0.02367834197357297,0.04345819715410471,0.01976169243454933,0.022091954592615367,0.04185364700853825,3.6921691433187123,0.5883465176820755,0.6165973573923111,0.028250839710235676,800,4.553609649849735e-05
42,train,0.0670878978364873,0.038361944113192076,0.0,0.00011450593199673218,0.011931790630855098,0.0011486870452747766,0.6861115916205796,0.5012107271966455,0.00020306625888859807,0.5012107271966455,0.509283180298692,,,,,,,,,,,,,,,,4.1221474770752725e-05
42,val,,,,,,,,,,,,,,,,0.019779855608940123,0.02367834197357297,0.04345819715410471,0.019763529915362597,0.022116983328014612,0.041880513355135915,3.630348017830238,0.5883465176820755,0.6162563037872314,0.02790978610515593,800,4.1221474770752725e-05
43,train,0.0670636423170764,0.038342166051252125,0.0,0.00011451477081477482,0.01192755978770476,0.001148042500467507,0.6859870531294373,0.5014845259870238,0.00020352301945798521,0.5014845259870238,0.509538461989556,,,,,,,,,,,,,,,,3.7067960895016295e-05
43,val,,,,,,,,,,,,,,,,0.019779855608940123,0.02367834197357297,0.04345819715410471,0.01976212339475751,0.022139182053506373,0.04190130565315485,3.5825036538654738,0.5883465176820755,0.6161859691143036,0.0278394514322281,800,3.7067960895016295e-05
44,train,0.06703964001866812,0.03832185017238132,0.0,0.00011454077438821745,0.011922713278621551,0.0011479071970489842,0.6858834069384717,0.5017364855828962,0.00020415098344663405,0.5017364855828962,0.5097800027198518,,,,,,,,,,,,,,,,3.308693936411423e-05
44,val,,,,,,,,,,,,,,,,0.019779855608940123,0.02367834197357297,0.04345819715410471,0.01975170524790883,0.022121670991182327,0.041873376220464706,3.646771006215836,0.5883465176820755,0.6164982086420059,0.02815169095993042,800,3.308693936411423e-05
45,train,0.06702017172767864,0.03830522055259928,0.0,0.00011453985210534722,0.011916607579762505,0.0011469632897113077,0.6858015809514653,0.502003543881143,0.0002044182891684519,0.502003543881143,0.5100160487312957,,,,,,,,,,,,,,,,2.9289321881345275e-05
45,val,,,,,,,,,,,,,,,,0.019779855608940123,0.02367834197357297,0.04345819715410471,0.019782568980008363,0.02211621293798089,0.041898782067000866,3.5883105817162426,0.5883465176820755,0.6161209338903427,0.02777441620826726,800,2.9289321881345275e-05
46,train,0.06700175038108439,0.03828955014364322,0.0,0.00011456933700152884,0.011916592429700081,0.0011464488165916424,0.6857223797410579,0.5021871548868029,0.00020488194528058703,0.5021871548868029,0.5101884307945584,,,,,,,,,,,,,,,,2.5685517452260618e-05
46,val,,,,,,,,,,,,,,,,0.019779855608940123,0.02367834197357297,0.04345819715410471,0.01978746637701988,0.022100236918777227,0.041887703351676464,3.613803391013223,0.5883465176820755,0.6161590647697449,0.027812547087669448,800,2.5685517452260618e-05
47,train,0.06698438512651977,0.03827511363681807,0.0,0.00011459581011328754,0.011912477963816422,0.0011458116861097288,0.6856396767989106,0.5024002892479983,0.00020530244252543685,0.5024002892479983,0.510391015100716,,,,,,,,,,,,,,,,2.228540385430293e-05
47,val,,,,,,,,,,,,,,,,0.019779855608940123,0.02367834197357297,0.04345819715410471,0.01976370319724083,0.02214545466005802,0.04190915800631046,3.5644349035034493,0.5883465176820755,0.6161514288187027,0.027804911136627197,800,2.228540385430293e-05
48,train,0.06696651160330287,0.03826022686458371,0.0,0.00011459693337891848,0.011910457194904673,0.001145352979062983,0.685553986712887,0.5026260957344009,0.0002055385654937082,0.5026260957344009,0.5105893793585286,,,,,,,,,,,,,,,,1.9098300562505283e-05
48,val,,,,,,,,,,,,,,,,0.019779855608940123,0.02367834197357297,0.04345819715410471,0.019772194176912308,0.0221172764711082,0.04188947066664696,3.609736689939023,0.5883465176820755,0.6162430900335312,0.027896572351455706,800,1.9098300562505283e-05
49,train,0.06695249752197589,0.038248079436538567,0.0,0.00011462319748467662,0.011907494114737594,0.0011447069716877918,0.6855004411386166,0.502779509335312,0.00020589276596848905,0.502779509335312,0.5107359609703936,,,,,,,,,,,,,,,,1.613294320545762e-05
49,val,,,,,,,,,,,,,,,,0.019779855608940123,0.02367834197357297,0.04345819715410471,0.019774332344532013,0.022138248216360807,0.04191258061677217,3.556559265106451,0.5883465176820755,0.6161181616783142,0.02777164399623877,800,1.613294320545762e-05
50,train,0.06694003717674529,0.0382374464017393,0.0,0.00011463071428813902,0.011907206734098301,0.0011447332851503358,0.6854455613879326,0.5029536836519879,0.00020615433526666621,0.5029536836519879,0.5109092818973211,,,,,,,,,,,,,,,,1.339745962155614e-05
50,val,,,,,,,,,,,,,,,,0.019779855608940123,0.02367834197357297,0.04345819715410471,0.01975344428792596,0.022155951336026193,0.041909395679831506,3.5638880020289085,0.5883465176820755,0.616223829984665,0.027877312302589496,800,1.339745962155614e-05
51,train,0.06692961386591607,0.03822845625390275,0.0,0.0001146505150695479,0.011902489461835777,0.0011445047509938031,0.6854061894427341,0.5030647669623136,0.00020637762124403594,0.5030647669623136,0.511011490632262,,,,,,,,,,,,,,,,1.0899347581163231e-05
51,val,,,,,,,,,,,,,,,,0.019779855608940123,0.02367834197357297,0.04345819715410471,0.01976071499288082,0.022150278948247434,0.041910993792116644,3.5602106468006856,0.5883465176820755,0.6162105017900467,0.027863984107971196,800,1.0899347581163231e-05
52,train,0.06691926753344883,0.038219773932090126,0.0,0.0001146658683686313,0.011901882651438376,0.0011443720799371958,0.6853573421362946,0.5032026774313225,0.00020666098242096164,0.5032026774313225,0.5111220395084509,,,,,,,,,,,,,,,,8.64545423573991e-06
52,val,,,,,,,,,,,,,,,,0.019779855608940123,0.02367834197357297,0.04345819715410471,0.019776213224977256,0.02212759533897042,0.04190380852669477,3.576744387020954,0.5883465176820755,0.6161179625988007,0.02777144491672523,800,8.64545423573991e-06
53,train,0.066909778180256,0.03821197142058285,0.0,0.00011468044369468519,0.011903204472271663,0.0011436904171877194,0.6853083679190266,0.5033164569385008,0.00020680147120676377,0.5033164569385008,0.5112427484916758,,,,,,,,,,,,,,,,6.641957350279831e-06
53,val,,,,,,,,,,,,,,,,0.019779855608940123,0.02367834197357297,0.04345819715410471,0.019755854662507774,0.02215412026271224,0.041909974925220014,3.562555122557506,0.5883465176820755,0.6161494207382202,0.027802903056144745,800,6.641957350279831e-06
54,train,0.06690256424095999,0.03820591100683402,0.0,0.00011468491547975369,0.0119001903735237,0.0011437423082085534,0.6852762288378458,0.5034054314346356,0.00020691076672885644,0.5034054314346356,0.5113180434091653,,,,,,,,,,,,,,,,4.89434837048465e-06
54,val,,,,,,,,,,,,,,,,0.019779855608940123,0.02367834197357297,0.04345819715410471,0.01977551920339465,0.022134913317859172,0.04191043257713318,3.561502037194711,0.5883465176820755,0.6160487395524978,0.027702221870422372,800,4.89434837048465e-06
55,train,0.06689706787442319,0.038201179344069226,0.0,0.00011468448893427165,0.011899449069038535,0.0011433566289881633,0.6852544842340352,0.5034607034701132,0.00020700310609576744,0.5034607034701132,0.5113580578404326,,,,,,,,,,,,,,,,3.407417371093171e-06
55,val,,,,,,,,,,,,,,,,0.019779855608940123,0.02367834197357297,0.04345819715410471,0.019768354520201682,0.022138477377593516,0.04190683200955391,3.569787165927732,0.5883465176820755,0.6160501086711884,0.027703590989112903,800,3.407417371093171e-06
56,train,0.06689106980323264,0.03819640247179026,0.0,0.00011469344624074167,0.011898081064685019,0.0011436168907232344,0.6852222013907957,0.5035006071835312,0.00020717688273718968,0.5035006071835312,0.5114297297434014,,,,,,,,,,,,,,,,2.1852399266194327e-06
56,val,,,,,,,,,,,,,,,,0.019779855608940123,0.02367834197357297,0.04345819715410471,0.019770610593259335,0.02214020300656557,0.041910813637077805,3.560625194689544,0.5883465176820755,0.6159884601831436,0.027641942501068106,800,2.1852399266194327e-06
57,train,0.06697008529197246,0.03827614302109923,0.0,0.0001151906847083252,0.011880670169640745,0.0011437859605726813,0.6851969597618058,0.5037457257421492,0.00020777349261122814,0.5037457257421492,0.5115885187061074,,,,,,,,,,,,,,,,1.2311659404862349e-06
57,val,,,,,,,,,,,,,,,,0.019779855608940123,0.02367834197357297,0.04345819715410471,0.019767996463924645,0.02214461287483573,0.041912609077990055,3.5564937740834766,0.5883465176820755,0.6159965389966965,0.02765002131462102,800,1.2311659404862349e-06
